Workbook

Sheet Petunjuk Pengisian
A1: LEMBAR VALIDASI PAKAR
A2: Sistem Pemetaan dan Prediksi Tren Topik Penelitian Skripsi
A3: Program Studi Sistem Informasi UIN Raden Fatah Palembang
A5: Nama Validator : ___________________________
A6: Jabatan : ___________________________
A7: Tanggal : ___________________________
A8: Tanda Tangan : ___________________________
A10: PETUNJUK PENGISIAN:
A11: 1. Baca judul dan abstrak setiap dokumen skripsi dengan seksama
A12: 2. Nilai kesesuaian antara isi dokumen dengan label topik yang diberikan
A13: 3. Berikan skor pada kolom SKOR dengan ketentuan berikut:
A15: Skor 1 = Sangat Tidak Relevan
... A22: 5. Setelah selesai, simpan file dan kembalikan kepada peneliti

Sheet Data Validasi
A1: NO | B1: TOPIK | C1: JUDUL SKRIPSI | D1: ABSTRAK | E1: SKOR (1-5) | F1: CATATAN
A2: 1 | B2: Evaluasi Usability Sistem Informasi | C2: ANALISIS SENTIMEN ULASAN APLIKASI ANDAL BY TASPEN MENGGUNAKAN SUPPORT VECTOR MACHINE (SVM). | D2: Perkembangan teknologi di era digital mendorong berbagai instansi untuk menyediakan layanan berbasis aplikasi guna meningkatkan kemudahan dan kenyamanan pengguna. PT Taspen (Persero) turut merespons kebutuhan tersebut dengan merilis aplikasi Andal by Taspen pada 2 Januari 2025 sebagai platform digital terpadu untuk layanan pensiun dan jaminan sosial. Keberhasilan aplikasi ini tidak hanya ditentukan oleh kelengkapan fitur, tetapi juga salah satunya oleh sentimen pengguna terhadap pengalaman mereka dalam menggunakannya. Penelitian ini bertujuan untuk menganalisis sentimen pengguna terhadap aplikasi Andal by Taspen dengan menerapkan metode Support Vector Machine (SVM) dalam mengklasifikasikan ulasan dari Google Play Store, App Store, dan komentar di Instagram ke dalam kategori positif, negatif, dan netral. Data diproses melalui tahapan scraping, preprocessing, pembobotan Term Frequency–Inverse Document Frequency (TF-IDF). Model dievaluasi menggunakan K-Fold Cross-Validation dan Synthetic Minority Oversampling Technique (SMOTE) untuk mengatasi ketidakseimbangan kelas. Hasil menunjukkan akurasi rata-rata 91,91%, macro average precision 0,8801, recall 0,7556, dan F1-score 0,7962. Performa terbaik diperoleh pada sentimen positif dan negatif, sementara sentimen netral masih rendah. Pemodelan topik dengan Latent Dirichlet Allocation (LDA) mengidentifikasi dua topik utama, yaitu layanan pensiun yang dominan positif dan permasalahan teknis aplikasi yang dominan negatif. Penelitian ini juga menghasilkan sistem analisis sentimen berbasis web yang menampilkan klasifikasi sentimen, pemodelan topik, dan visualisasi kata secara otomatis.
A3: 2 | B3: Evaluasi Usability Sistem Informasi | C3: SISTEM INFORMASI PEMESANAN WEDDING\r\nORGANIZER BERBASIS WEB PADA SALON BUNDA\r\nFITRY. | D3: Wedding Organizer Salon Bunda Fitry adalah sebuah jasa yang berfungsi khusus untuk melayani calon pengantin dan keluarga dalam perencanaan sampai pelaksanaan rangkaian acara pesta pernikahan. Sistem yang sedang berjalan di wedding organizer salon bunda fitry ini masih menggunakan sistem manual yaitu proses data pemesanan dan informasi paket masih menggunakan pembukuan sehingga masih sering mengalami masalah pada data pemesanan dan harga paket pernikahan. Setelah mengetahui permasalahan yang ada, maka dirancang sebuah sistem informasi pemesanan wedding organizer pada salon bunda fitry menggunakan metode pengembangan waterfall yang terdiri dari analisa, desain, pengodean, pengujian dan dan tahap pendukung, kemudian di implementasikan dengan bahasa pemrograman PHP dan MySQL sebagai database-nya. Tujuan dari penelitian ini adalah untuk memberikan kemudahan kepada karyawan wedding organizer dalam memproses data pemesanan dan harga serta memperluas area promosi penjualan paket pernikahan secara terkomputerisasi. Hasil dari penelitian ini adalah sebuah sistem informasi pemesanan wedding organizer yang dapat membantu pihak wedding organizer dan pengguna dalam memperoleh informasi secara cepat dan jelas, serta membantu operasional wedding organizer agar berjalan dengan lebih efektif dan efisien.
A4: 3 | B4: Evaluasi Usability Sistem Informasi | C4: Analisis Faktor-Faktor Yang Mempengaruhi Niat Continuitas Pengguna Aplikasi Maxim Menggunakan Expectation Confirmation Model (ECM) Di Kota Kayu Agung. | D4: Niat keberlanjutan pengguna aplikasi Maxim menjadi faktor yang mendukung berkembangnya perusahaan penyedia layanan. Tujuan dari penelitian ini untuk mengetahui faktor-faktor yang mempengaruhi niat keberlanjutan pengguna aplikasi Maxim di Kota Kayuagung. Dalam penelitian ini, ECM digunakan sebagai model untuk menganalisis faktor-faktor yang mempengaruhi niat keberlanjutan pengguna dan kemudian melihat hasil dari hubungan antar variabel. Dengan jumlah populasi pengguna sebanyak 2403 pengguna sampel sebanyak 96 pengguna. Hasil penelitian ini terdapat 2 hipotesis diterima dan 1 hipotesis yang di tolak. Hipotesis yang diterima yaitu Variabel Confirmation memiliki pengaruh dan signifikan terhadap variabel Continuance Intention dan Variabel Satisfaction memiliki pengaruh dan signifikan terhadap variabel Continuance Intention. Hipotesis yang di tolak adalah variabel Perceived Usefulness yang tidak memiliki pengaruh serta tidak signifikan terhadap variabel Continuance Intention. Kata Kunci : Expected Confirmation Model, Maxim, Transportasi Online, Niat Kontinuitas.
A5: 4 | B5: Evaluasi Usability Sistem Informasi | C5: Sistem Informasi Monitoring Ecogreen Campus Menggunakan Metode Rapid Application Development (RAD). | D5: Ecogreen Campus adalah program dari UIGreenMetric yang diikuti oleh setiap universitas di seluruh dunia. Program ini berguna dalam implementasi kelestarian lingkungan secara efisien dan hemat energi. Kegiatan penelitian, pendidikan, dan pengabdian masyarakat di Kampus UIN Raden Fatah Palembang menerapkan nilai islami, teknologi, ilmu pengetahuan dan sumber daya alam yang berkualitas. \r\nTujuan adanya Ecogreen Campus yaitu meningkatkan kesadaran mahasiswa dan civitas akademika dalam menjaga lingkungannya, serta menjadi nilai tambah Ecogreen Campus pada peringkat UIGreenMetric dan akreditasi. Untuk membantu hal tersebut, dibutuhkan sistem informasi monitoring yang tujuannya untuk mendapatkan informasi dari kegiatan Ecogreen Campus yang berbasis spasial, andal, terkini, dan terpercaya secara transparan. Pengembangan sistem informasi monitoring Ecogreen Campus menampilkan berbagai kegiatan seperti penanaman (SI), pemeliharaan dan penggunaan energi listrik (EC), pengolahan sampah (WS).\r\nLeafletJS digunakan pada penelitian ini sebagai library javascript yang akan menampilkan peta lokasi pada kegiatan penanaman, sedangkan laravel digunakan sebagai platfrom PHP. Metode pengembangan sistem yang digunakan adalah Rapid Application Development (RAD) yang terdiri dari 3 tahapan yaitu Requiment Planning, Workshop Design, dan Implementation. Hasil yang didapatkan adalah Sistem Informasi Monitoring yang terdiri dari informasi penanaman, penggunaan energi, dan pengolahan sampah dapat berguna bagi Ecogreen Campus dalam proses akreditasi dan pemeringkatan UIGreenMetric
A6: 5 | B6: Evaluasi Usability Sistem Informasi | C6: PENERAPAN TECHNOLOGY READINESS ACCEPTANCE MODEL (TRAM) UNTUK PENGUKURAN KESIAPAN DAN PENERIMAAN APLIKASI RF MOBILE. | D6: Teknologi Informasi pada dunia pendidikan saat ini sangat berpengaruh untuk memudahkan kegiatan belajar mengajar. Seperti pada UIN Raden Fatah Palembang telah menerapkan Sistem informasi salah satunya aplikasi RF Mobile. RF Mobile merupakan layanan akademik bagi mahasiswa, yang merupakan sistem baru di UIN Raden Fatah. Pada RF Mobile ditemukan beberapa permasalahan seperti kegunaa, interface, bagian profile yang masih belum rapi, dan beberapa fitur yang diakses sulit dicari. Berdasarkan permasalahan tersebut maka diperlukan pengukuran untuk mengetahui kesiapan dan penerimaan pengguna terhadap RF Mobile. Kesiapan dan penerimaan pengguna RF Mobile perlu diketahui karena langkah pertama yang harus dilakukan dalam implementasi teknologi adalah mengetahui kesiapan pengguna dalam menerima teknologi tersebut. Penelitian ini menggunakan Technology Readiness Acceptance model (TRAM). 7 variabel TRAM yaitu Optimisme, innovatieness, insecurity, discomfort, perceived ease of use, Perceived usefulness, intention to use. Penelitian ini menyebarkan kuesioner kepada 364 responden pengguna RF Mobile. Teknik analisis data yang digunakan yaitu SEM-PLS dengan software SmartPLS 3.0. Hasil penelitian ini dari 10 hipotesis terdapat 7 hipotesis diterima dan 3 ditolak. Hasil keseluruhan menunjukkan kesiapan dan penerimaan RF Mobile menggunakan TRAM sebesar 74,2%, hal ini menunjukkan bahwa kesiapan dan penerimaan aplikasi RF Mobile sudah dapat digunakan dan diterima oleh pengguna.
A7: 6 | B7: Evaluasi Kualitas Layanan (ServQual) | C7: SISTEM PENDUKUNG KEPUTUSAN AGEN TERBAIK DI PERUSAHAAN ASURANSI JIWA BERSAMA BUMIPUTERA 1912 CABANG KAYUAGUNG MENGUNAKAN METODE SMART (SIMPLE MULTI ATTRIBUTE RATING TECHNIQUE). | D7: Penilaian agen terbaik di Perusahaan Asuransi Jiwa Bersama Bumiputera 1912 Cabang Kayuagung saat ini belum memiliki aplikasi dan metode khusus penilaian, serta penilaian masih subjektif. Perusahaan saat ini membutuhkan sistem pendukung keputusan (SPK) yang dapat membantu dalam menentukan agen terbaik. Maka dari itu penelitian ini bertujuan untuk membangun SPK yang efektif dan objektif. SPK yang dibangun menggunakan empat kriteria yaitu (polis, premi reguler, premi tunggal, dan konservasi), dengan tujuh agen sebagai sampel. Untuk membangun SPK ini digunakan metode Simple Multi Attribute Rating Technique (SMART), karena metode ini memberikan pemahaman masalah yang tinggi dan dapat diterima oleh pembuat keputusan. Berdasarkan pengujian, SPK yang dibangun dapat memberikan rekomendasi agen terbaik sesuai dengan perhitungan SPK dan sesuai dengan keinginan dari kepala urusan administrasi dan keuangan, SPK ini dapat menentukan agen terbaik secara efektif dan objektif dalam penilaian agen terbaik.
A8: 7 | B8: Evaluasi Kualitas Layanan (ServQual) | C8: PENERAPAN METODE RUP PADA SISTEM INFORMASI POINT OF SALE\r\nBERBASIS WEB di TOKO PELANGI SUNGAI LILIN. | D8: The purpose of this research is to build a web-based point of sale information system\r\nthat can help at Pelangi Sungai Lilin shops. Buying and selling activities that are still\r\nmanual and very simple and are considered less effective, therefore we need an\r\ninformation system that makes a buying and selling transaction that issafe and effective\r\nand makes it easier for the store to control good and efficient data management. Making\r\na web-based point of sale program is useful forshop owners in order to minimize errors\r\nin every purchase activity as well as the right stock information. In making this system\r\nusing the (RUP) method so that in building this program it starts from 4 phases or\r\nstages, namely inception, elaboration, construction and transition. In the end, a webbased point of sale information system was created at the Pelangi Sungai lilin shop.\r\nKeywords: Point Of Sale, RUP, information system, Inception, Elaboration,\r\nContruktion Dan Transition
A9: 8 | B9: Evaluasi Kualitas Layanan (ServQual) | C9: SISTEM INFORMASI MANAJEMEN KEPEGAWAIAN PADA LEMBAGA PENDIDIKAN TERPADU NURUL ILMI BANYUASIN MENGGUNAKAN METODE EXTREME PROGRAMMING. | D9: Lembaga Pendidikan Terpadu Nurul Ilmi Banyuasin adalah lembaga pendidikan tinggi terpadu formal yang terletak di Desa Sukamoro, Kabupaten Banyuasin, Palembang, Sumatera Selatan. Pengelolaan data kepegawaian pada Lembaga Pendidikan Terpadu Nurul Ilmi Banyuasin masih mengandalkan proses administrasi secara manual dengan penggunaan data fisik berbentuk media kertas serta penyimpanan dalam map ordner di lemari. Dalam konteks ini, pengembangan sistem informasi untuk pengelolaan data kepegawaian menjadi sangat penting. Penelitian ini bertujuan untuk membangun Sistem Informasi Manajemen Kepegawaian agar dapat mempermudah bagian kepegawaian dalam melakukan proses pencarian, penyimpanan, perubahan serta pengelolaan data seperti data pegawai, data absensi, data sertifikat/penghargaan, data cuti, data kinerja pegawai serta data rekrutmen pegawai baru. Sistem ini menerapkan metode pengembangan sistem yaitu Extreme Programming, Dimana dalam penerapannya memberikan solusi yang efektif dan efisien. Selain itu, sistem ini dapat membantu dalam menyajikan laporan kepegawaian dengan menghasilakan informasi yang lebih lengkap dalam bentuk pdf dan excel. Hasil dari penelitian ini yaitu Sistem Informasi Manajemen Kepegawaian yang menyediakan informasi relevan mengenai manajemen pegawai, data absensi, data pengajuan cuti, data sertifikat/penghargaan, penilaian kinerja, kinerja harian pegawai dan data rekrutmen pegawai baru. Dengan demikian, sistem ini dapat memainkan peran krusial dalam meningkatkan kualitas secara signifikan serta efektivitas pengelolaan kepegawaian di lembaga pendidikan terpadu.
A10: 9 | B10: Evaluasi Kualitas Layanan (ServQual) | C10: ANALISIS USER EXPERIENCE WEBSITE SILAYAK UIN RADEN FATAH PALEMBANG MENGGUNAKAN USER EXPERIENCE QUESTIONNAIRE (UEQ). | D10: Silayak merupakan sebuah platform layanan akademik berbasis sistem informasi yang di terapkan pada Universitas Islam Negeri Raden Fatah Palembang untuk mengelola data akademik mahasiswa, dosen, dan program studi. Dan menyediakan fitur layanan informasi serta menampilkan data-data terkait daftar pengajuan layanan contohnya surat pendaftaran mengikuti ujian proposal dan lainnya. Penelitian ini bertujuan untuk mengevaluasi pengalaman pengguna terhadap website Silayak Universitas Islam Negeri Raden Fatah Palembang menggunakan metode User Experience Questionnaire (UEQ). Data dikumpulkan dari 386 mahasiswa melalui kuesioner dengan skala Likert 7 poin dan dianalisis menggunakan transformasi skor dari -3 sampai +3. Hasil menunjukkan bahwa sebagian besar aspek seperti daya tarik, kejelasan, efisiensi, dan kebaruan mendapatkan penilaian positif dan berada di kategori &quot;Above Average&quot;. Temuan ini memberikan rekomendasi untuk peningkatan tampilan visual, navigasi, dan fitur guna meningkatkan kualitas pengalaman pengguna secara keseluruhan.
A11: 10 | B11: Evaluasi Kualitas Layanan (ServQual) | C11: ANALISIS KUALITAS WEBSITE SEKOLAH ISLAM TERPADU HARAPAN MULIA PALEMBANG MENGGUNAKAN\r\nMETODE WEBQUAL 4.0. | D11: Teknologi informasi terbukti membuat sarana penyebaran informasi yang paling efektif dan efisien kepada masyarakat. Website Sekolah Islam Terpadu Harapan Mulia Palembang dirancang dengan maksud mengorganisir data akademik. Pemakai dari website tersebut adalah siswa, guru, dan admin sekolah. Permasalahan yang dihadapi pengguna terkait dengan sistem, yakni pada bagian interface, profil yang belum berfungsi semua, fitur beberapa menu harus akses lagi ke website, foto profil masih kartun, dan beberapa fitur hanya sekedar informasi. Tujuan penelitian ini untuk mengetahui kualitas website Sekolah Islam Terpadu Harapan Mulia Palembang ditinjau dari Usability Quality, Information Quality, dan Service Interaction Quality. Pelaksanaan metode pengumpulan data dengan observasi, wawancara, kuesioner, dan studi pustaka selanjutnya analisis data dengan metode Webqual 4.0. Hasil yang didapat ialah nilai persentase tiap-tiap variabel Usability Quality (X1) 81,66% responden memuaskan, variabel Information Quality (X2) 83,66% responden memuaskan, dan variabel Service Interaction Quality (X3) 82,08% responden memuaskan. Serta memperoleh nilai persentase dari bobot rata-rata item pengukuran 82,48% responden memuaskan.
A12: 11 | B12: Pengembangan Perangkat Lunak (SDLC/XP) | C12: SISTEM INFORMASI MANAJEMEN ATLET KONI KABUPATEN OGAN KOMERING ULU MENGGUNAKAN METODE EXTREME PROGRAMMING. | D12: Sistem manajemen atlet di KONI Kabupaten OKU saat ini masih dilakukan secara manual menggunakan formulir tertulis dan laporan yang diketik dengan Microsoft Word. Proses pendaftaran atlet dan perekrutan juga mengharuskan atlet menyerahkan dokumen fisik secara langsung ke cabang olahraga, sehingga sering terjadi risiko kehilangan data dan kurangnya dokumentasi yang rapi. Selain itu, pengelolaan training center serta pencatatan prestasi atlet juga dilakukan secara manual, menyebabkan keterlambatan dalam pemantauan dan evaluasi kinerja atlet. Untuk mengatasi keterbatasan ini, penelitian ini bertujuan untuk membangun Sistem Informasi Manajemen Atlet KONI Kabupaten OKU menggunakan metode extreme programming (XP). Metode XP dipilih karena dapat mempercepat pengembangan dan meningkatkan interaksi antara pengguna dan pengembang melalui tahapan perencanaan, desain, pengkodean, dan pengujian. Hasil penelitian menunjukkan bahwa sistem ini mempermudah pengelolaan data atlet, cabang olahraga, pelatih, serta proses pendaftaran, pelatihan, dan pencatatan prestasi, sekaligus mempercepat laporan dan meningkatkan keandalan pengelolaan manajemen atlet. Sistem ini menghasilkan proses administrasi yang lebih cepat, akurat, dan andal, serta memenuhi kebutuhan pengurus KONI, cabang olahraga, pelatih, dan atlet.\r\n\r\nKata Kunci: Sistem Informasi Manajemen, Extreme Programming, KONI
A13: 12 | B13: Pengembangan Perangkat Lunak (SDLC/XP) | C13: Analisis Kepuasan Pengguna Sistem Informasi Manajemen Daerah (SIMDA) Menggunakan Metode Kano dan Eucs di BPKAD Provinsi Sumatera Selatan. | D13: Abstrak – BPKAD (Badan Pengelola Keuangan dan Aset Daerah) Provinsi Sumatera Selatan merupakan perangkat daerah yang melaksanakan fungsi urusan penunjang pemerintahan daerah dalam hal pengelolaan keuangan dan aset daerah. Simda merupakan program aplikasi yang dapat membantu pemerintah dalam pengolahan data yang lebih mudah, akurat, serta efisien Tujuan penelitian ini adalah untuk mengukur kepuasan pengguna pada aplikasi SIMDA BPKAD dengan menggunakan metode KANO dan EUCS. Pengumpulan data dilakukan dengan penyebaran kuisioner kepada organisasi perangkat daerah dan di lakukan wawancara dengan organisasi perangkat daerah BPKAD. Data penelitian ini diperoleh dengan kuesioner yang dikumpulkan dari responden dengan jumlah 111 orang. Hasil dari penelitian ini menyatakan bahwa dari 6 kategori yang ada di metode Kano hanya ada 3 kategori yang muncul yaitu Must be, One Dimensional dan Attractive. Atribut yang paling berpengaru terhadap peningkatan kepuasan dan ketidakpuasan pengguna dapat diketahui dari hasil analisa nilai Better dan Worse. Nilai kepuasan tertinggi yaitu di atribut F1, Desain tampilan system informasi manajemen daerah memiliki pengaturan warna yang baik. Nilai ketidakpuasan tertinggi yaitu pada atribut A1, Sistem informasi manajemen daerah menyediakan informasi yang akurat sesuai dengan keinginan pengguna.\r\nKata kunci : BPKAD, SIMDA, KANO, Analisis Kepuasan
... A41: 40 | B41: Analisis Sentimen & Ulasan Pengguna | C41: SISTEM INFORMASI BANK SAMPAH MENGGUNAKAN METODE RAD DAN FRAMEWORK LARAVEL. | D41: Bank sampah melakukan kegiatan sehari-harinya dengan membeli sampah yang dihasilkan rumah tangga. Bank sampah akan mencatat saldo tabungan nasabah berdasarkan jumlah sampah yang disetorkan oleh nasabah tersebut. Pencatatan yang dilakukan pada bank sampah masih dilakukan secara tradisional sehingga kurangnya efisiensi waktu. Tujuan dari penelitian ini adalah membuat sebuah sistem informasi bank sampah. Metode yang akan digunakan pada penelitian ini adalah metode RAD. Sistem informasi ini akan dibuat menggunakan sebuah framework yaitu Laravel. Dengan adanya sistem informasi bank sampah diharapkan akan membantu kegiatan pencatatan saldo nasabah, pendaftaran nasabah baru, penghitungan beli sampah, informasi saldo nasabah, dan laporan bank sampah. Sistem informasi bank sampah tersebut akan membantu menghemat waktu yang diperlukan dalam melakukan kegiatan bank sampah tersebut. Hasil dari penelitian ini adalah sebuah sistem informasi bank sampah yang akan membantu terjadinya proses bisnis yang ada di bank sampah sakura talang kelapa palembang.

Sheet Rekap Otomatis
A1: NO TOPIK | B1: LABEL TOPIK | C1: RATA-RATA SKOR | D1: PERSENTASE | E1: KATEGORI
A2: 1 | B2: Topik 1 | C2: =AVERAGE('Data Validasi'!E2:E6) | D2: =C2/5 | E2: =IF(D2>=0.81,"Sangat Relevan",IF(D2>=0.61,"Relevan",IF(D2>=0.41,"Cukup Relevan",IF(D2>=0.21,"Tidak Relevan","Sangat Tidak Relevan"))))
A3: 2 | B3: Topik 2 | C3: =AVERAGE('Data Validasi'!E7:E11) | D3: =C3/5 | E3: =IF(D3>=0.81,"Sangat Relevan",IF(D3>=0.61,"Relevan",IF(D3>=0.41,"Cukup Relevan",IF(D3>=0.21,"Tidak Relevan","Sangat Tidak Relevan"))))
A4: 3 | B4: Topik 3 | C4: =AVERAGE('Data Validasi'!E12:E16) | D4: =C4/5 | E4: =IF(D4>=0.81,"Sangat Relevan",IF(D4>=0.61,"Relevan",IF(D4>=0.41,"Cukup Relevan",IF(D4>=0.21,"Tidak Relevan","Sangat Tidak Relevan"))))
A5: 4 | B5: Topik 4 | C5: =AVERAGE('Data Validasi'!E17:E21) | D5: =C5/5 | E5: =IF(D5>=0.81,"Sangat Relevan",IF(D5>=0.61,"Relevan",IF(D5>=0.41,"Cukup Relevan",IF(D5>=0.21,"Tidak Relevan","Sangat Tidak Relevan"))))
A6: 5 | B6: Topik 5 | C6: =AVERAGE('Data Validasi'!E22:E26) | D6: =C6/5 | E6: =IF(D6>=0.81,"Sangat Relevan",IF(D6>=0.61,"Relevan",IF(D6>=0.41,"Cukup Relevan",IF(D6>=0.21,"Tidak Relevan","Sangat Tidak Relevan"))))
A7: 6 | B7: Topik 6 | C7: =AVERAGE('Data Validasi'!E27:E31) | D7: =C7/5 | E7: =IF(D7>=0.81,"Sangat Relevan",IF(D7>=0.61,"Relevan",IF(D7>=0.41,"Cukup Relevan",IF(D7>=0.21,"Tidak Relevan","Sangat Tidak Relevan"))))
A8: 7 | B8: Topik 7 | C8: =AVERAGE('Data Validasi'!E32:E36) | D8: =C8/5 | E8: =IF(D8>=0.81,"Sangat Relevan",IF(D8>=0.61,"Relevan",IF(D8>=0.41,"Cukup Relevan",IF(D8>=0.21,"Tidak Relevan","Sangat Tidak Relevan"))))
A9: 8 | B9: Topik 8 | C9: =AVERAGE('Data Validasi'!E37:E41) | D9: =C9/5 | E9: =IF(D9>=0.81,"Sangat Relevan",IF(D9>=0.61,"Relevan",IF(D9>=0.41,"Cukup Relevan",IF(D9>=0.21,"Tidak Relevan","Sangat Tidak Relevan"))))
A10: RATA-RATA KESELURUHAN | C10: =AVERAGE(C2:C9) | D10: =C10/5 | E10: =IF(D10>=0.81,"Sangat Relevan",IF(D10>=0.61,"Relevan",IF(D10>=0.41,"Cukup Relevan",IF(D10>=0.21,"Tidak Relevan","Sangat Tidak Relevan"))))
